ID_Orden,ID_Cliente,ID_Ciudad,ID_StatusOrden,Total_Orden,Fecha_Orden,NumeroOrden,ID_DetalleOrden,ID_Parte_Orden,ID_Parte_Cotizacion,ID_Descuento,CantidadCotizacion,CantidadOrden,Vehiculo_Cotizacion,VehiculoID_Orden,IDCotizacion,status,TipoDocumento,FechaCreacionCotizacion,ProcesadoPor,IDAseguradora,AseguradoraSubsidiaria,NumeroReclamo,IDPlantaReparacion,OrdenRealizada,CotizacionRealizada,CotizacionDuplicada,procurementFolderID,DireccionEntrega1,DireccionEntrega2,MarcadoEntrega,IDPartner,CodigoPostal_Cotizacion,LeidoPorPlantaReparacion,LeidoPorPlantaReparacionFecha,CotizacionReabierta,EsAseguradora,CodigoVerificacion,IDClientePlantaReparacion,FechaCreacionRegistro_Cotizacion,IDRecotizacion,PartnerConfirmado,WrittenBy,SeguroValidado,FechaCaptura,Ruta,FechaLimiteRuta
1,,727,5,15027.6,1/21/2017 10:34,94126,1,AC1000105,AC1000105,21,1,1,53772,53772,1,Order,4191384207,1/21/2017 10:34,Aseguradora,438,86036,13285,2815295,FALSE,TRUE,FALSE,,19 New Street,2nd Floor,TRUE,86184,3432,FALSE,1/21/2017 10:34,FALSE,TRUE,4801fd9e-8569-4e18-8d59-0e3fbbb7ab78,,1/21/2017 10:34,49192,FALSE,,FALSE,1/21/2017 10:34,3197009,1/21/2017 10:34
2,,818,5,18935.91,1/22/2017 10:34,,2,ABP5994,ABP5994,14,2,2,51110,51110,2,Order,532727003,1/22/2017 10:34,Aseguradora,438,98849,49217,1921879,FALSE,TRUE,TRUE,,576 White New Drive,Suite 7,FALSE,90587,42955,TRUE,1/22/2017 10:34,FALSE,TRUE,4801fd9e-8569-4e18-8d59-0e3fbbb7ab78,,1/22/2017 10:34,41847,FALSE,,TRUE,1/22/2017 10:34,,1/22/2017 10:34
3,,769,5,3868.15,1/23/2017 10:34,98716,3,AC1000156,AC1000156,,3,3,,,3,Order,7886906991,1/23/2017 10:34,Aseguradora,880,18483,65029,3395527,FALSE,TRUE,TRUE,,77 North Clarendon St.,Pre Sales Department,FALSE,38605,85241,TRUE,1/23/2017 10:34,TRUE,TRUE,4801fd9e-8569-4e18-8d59-0e3fbbb7ab78,,1/23/2017 10:34,91271,FALSE,,TRUE,1/23/2017 10:34,3091025,1/23/2017 10:34
4,,559,4,20181.14,1/24/2017 10:34,56382,4,ABP1995GEOR3,ABP1995GEOR3,23,4,4,193727,193727,4,Quote,3867600224,1/24/2017 10:34,Call center,880,7514,48838,1569444,FALSE,FALSE,TRUE,,495 Rocky Second Avenue,Einstein Building,FALSE,80089,22203,FALSE,1/24/2017 10:34,TRUE,TRUE,4801fd9e-8569-4e18-8d59-0e3fbbb7ab78,,1/24/2017 10:34,32231,TRUE,,FALSE,1/24/2017 10:34,,1/24/2017 10:34
5,,207,2,23523.94,1/25/2017 10:34,39428,5,771OH2,771OH2,,5,5,184809,184809,5,Quote,5043466085,1/25/2017 10:34,Aseguradora,1278,9047,68675,939837,FALSE,TRUE,FALSE,,41 Second Freeway,Suite 2,TRUE,45227,14855,FALSE,1/25/2017 10:34,FALSE,TRUE,4801fd9e-8569-4e18-8d59-0e3fbbb7ab78,,1/25/2017 10:34,22770,TRUE,,TRUE,1/25/2017 10:34,3030013,1/25/2017 10:34
6,,1004,4,7244.35,1/26/2017 10:34,45810,6,ABP2461,ABP2461,7,6,6,202405,202405,6,Order,402683507,1/26/2017 10:34,Planta de Reparacion,1278,21100,55141,1653918,TRUE,TRUE,TRUE,,97 South Fabien Boulevard,Suite 512,FALSE,91454,15495,TRUE,1/26/2017 10:34,FALSE,FALSE,4801fd9e-8569-4e18-8d59-0e3fbbb7ab78,,1/26/2017 10:34,37678,TRUE,,FALSE,1/26/2017 10:34,,1/26/2017 10:34
7,,907,6,14075.45,1/27/2017 10:34,67741,7,ABP25303C,ABP25303C,,7,7,117129,117129,7,Order,9155956080,1/27/2017 10:34,Servicio de Integracion,320,15986,87469,1657058,TRUE,FALSE,TRUE,,316 Green Nobel Way,APT 85,TRUE,92654,64137,TRUE,1/27/2017 10:34,TRUE,FALSE,4801fd9e-8569-4e18-8d59-0e3fbbb7ab78,,1/27/2017 10:34,7749,TRUE,,FALSE,1/27/2017 10:34,3214002,1/27/2017 10:34
8,,443,3,19997.69,1/28/2017 10:34,56533,8,*440MISC,*440MISC,,8,8,53033,53033,8,Quote,7371560392,1/28/2017 10:34,Planta de Reparacion,880,5975,11805,90313,FALSE,FALSE,TRUE,,83 Cowley Road,Suite 2896,TRUE,18717,33647,FALSE,1/28/2017 10:34,FALSE,TRUE,4801fd9e-8569-4e18-8d59-0e3fbbb7ab78,,1/28/2017 10:34,26618,FALSE,,FALSE,1/28/2017 10:34,,1/28/2017 10:34
9,,978,6,14798.64,1/29/2017 10:34,72089,9,AC1000154R,AC1000154R,12,9,9,113606,113606,9,Order,9726341974,1/29/2017 10:34,Call center,880,12879,23341,3384290,TRUE,TRUE,TRUE,,98 North Rocky Nobel Road,Appartment 438,FALSE,43399,65871,TRUE,1/29/2017 10:34,FALSE,FALSE,4801fd9e-8569-4e18-8d59-0e3fbbb7ab78,,1/29/2017 10:34,,TRUE,,FALSE,1/29/2017 10:34,3213MSO,1/29/2017 10:34
10,,274,2,9047.45,1/30/2017 10:34,30618,10,779TEMP999,779TEMP999,1,10,10,126538,126538,10,Quote,6038860487,1/30/2017 10:34,Servicio de Integracion,320,86163,8571,1086960,FALSE,TRUE,FALSE,,594 West Milton Street,3rd Floor,TRUE,59684,80092,TRUE,1/30/2017 10:34,TRUE,TRUE,4801fd9e-8569-4e18-8d59-0e3fbbb7ab78,,1/30/2017 10:34,64457,TRUE,,FALSE,1/30/2017 10:34,,1/30/2017 10:34
11,,292,2,17852.01,1/31/2017 10:34,46547,11,AC1000113R,AC1000113R,25,11,11,93571,93571,11,Order,2675427478,1/31/2017 10:34,Planta de Reparacion,1846,4101,86406,2920515,FALSE,TRUE,TRUE,,505 Second St.,,TRUE,37308,19603,TRUE,1/31/2017 10:34,FALSE,TRUE,60d79e6a-cd56-4809-a9ff-5c3c8a27ab43,,1/31/2017 10:34,886,TRUE,,FALSE,1/31/2017 10:34,3102KIP,1/31/2017 10:34
12,,468,3,7668.16,2/1/2017 10:34,98705,12,*444MISC,*444MISC,8,12,12,37539,37539,12,Order,5273311883,2/1/2017 10:34,Aseguradora,1335,20856,91433,92988,TRUE,TRUE,FALSE,,833 Oak Drive, Group,FALSE,97350,59037,TRUE,2/1/2017 10:34,FALSE,FALSE,4801fd9e-8569-4e18-8d59-0e3fbbb7ab78,,2/1/2017 10:34,77101,FALSE,,TRUE,2/1/2017 10:34,3002006,2/1/2017 10:34
13,,633,4,2273.78,2/2/2017 10:34,11563,13,ABP501,ABP501,22,1,1,95756,95756,13,Order,5778773243,2/2/2017 10:34,Servicio de Integracion,1335,91041,37911,1800859,FALSE,TRUE,FALSE,,897 East Cowley Drive,Appartment 7,FALSE,53616,99487,FALSE,2/2/2017 10:34,TRUE,FALSE,4801fd9e-8569-4e18-8d59-0e3fbbb7ab78,,2/2/2017 10:34,82276,TRUE,,FALSE,2/2/2017 10:34,,2/2/2017 10:34
14,,470,3,24972.96,2/3/2017 10:34,90654,14,ABPD4107,ABPD4107,1,2,2,171664,171664,14,Quote,5559898126,2/3/2017 10:34,Servicio de Integracion,880,43313,66274,2328701,FALSE,TRUE,FALSE,,78 West Fabien Blvd.,Lincoln Building,FALSE,63847,86699,TRUE,2/3/2017 10:34,TRUE,FALSE,4801fd9e-8569-4e18-8d59-0e3fbbb7ab78,,2/3/2017 10:34,69321,FALSE,,FALSE,2/3/2017 10:34,3102KIP,2/3/2017 10:34
15,,983,6,10377.25,2/4/2017 10:34,65677,15,*773SPOT,*773SPOT,14,3,3,12885,12885,15,Quote,9500539298,2/4/2017 10:34,Aseguradora,1467,85152,81333,255263,FALSE,TRUE,TRUE,,20 Cowley Way,7th Floor,TRUE,9189,4360,TRUE,2/4/2017 10:34,FALSE,TRUE,4801fd9e-8569-4e18-8d59-0e3fbbb7ab78,,2/4/2017 10:34,50410,FALSE,,TRUE,2/4/2017 10:34,3213008,2/4/2017 10:34
16,,31,1,14724.73,2/5/2017 10:34,94939,16,ABP200,ABP200,18,4,4,12943,12943,16,Quote,8007650154,2/5/2017 10:34,Servicio de Integracion,1467,64228,10578,1620672,TRUE,FALSE,FALSE,,95 Clarendon Way,Suite 255,TRUE,41872,97121,FALSE,2/5/2017 10:34,TRUE,FALSE,4801fd9e-8569-4e18-8d59-0e3fbbb7ab78,,2/5/2017 10:34,37926,FALSE,,TRUE,2/5/2017 10:34,,2/5/2017 10:34
17,,863,6,5940.85,2/6/2017 10:34,10944,17,AC1000153R-ORIG.REC,AC1000153R-ORIG.REC,3,5,5,72360,72360,17,Quote,3280154036,2/6/2017 10:34,Planta de Reparacion,3,24011,24152,1425662,FALSE,TRUE,TRUE,,66 Clarendon Avenue,Appartment 12,FALSE,30176,43948,TRUE,2/6/2017 10:34,FALSE,FALSE,4801fd9e-8569-4e18-8d59-0e3fbbb7ab78,,2/6/2017 10:34,63453,TRUE,,TRUE,2/6/2017 10:34,,2/6/2017 10:34
18,,996,6,18842.45,2/7/2017 10:34,7717,18,ABPP9008,ABPP9008,,6,6,169036,169036,18,Quote,2827719323,2/7/2017 10:34,Servicio de Integracion,1467,5507,49900,2593644,TRUE,FALSE,TRUE,,410 Rocky Clarendon Boulevard,63th Floor,FALSE,49304,82717,FALSE,2/7/2017 10:34,TRUE,FALSE,4801fd9e-8569-4e18-8d59-0e3fbbb7ab78,,2/7/2017 10:34,81463,FALSE,,FALSE,2/7/2017 10:34,3021S05,2/7/2017 10:34
19,,678,5,2871.43,2/8/2017 10:34,66611,19,ABP134,ABP134,,7,7,,,19,Quote,5758133110,2/8/2017 10:34,Planta de Reparacion,1467,53532,89681,1363541,FALSE,FALSE,TRUE,,32 Rocky Fabien St.,,TRUE,94252,30311,TRUE,2/8/2017 10:34,TRUE,TRUE,4801fd9e-8569-4e18-8d59-0e3fbbb7ab78,,2/8/2017 10:34,39718,TRUE,,TRUE,2/8/2017 10:34,,2/8/2017 10:34
20,,315,2,21292.67,2/9/2017 10:34,78297,20,AC1000146R-ORIG.REC,AC1000146R-ORIG.REC,,8,8,143031,143031,20,Quote,5638896992,2/9/2017 10:34,Aseguradora,1467,38161,51222,3267792,TRUE,TRUE,FALSE,,771 Green Milton Street,Sales Department,FALSE,8999,21050,FALSE,2/9/2017 10:34,TRUE,FALSE,4801fd9e-8569-4e18-8d59-0e3fbbb7ab78,,2/9/2017 10:34,8833,FALSE,,FALSE,2/9/2017 10:34,,2/9/2017 10:34
21,,817,5,17698.18,2/10/2017 10:34,41071,21,ABPFR3000V3,ABPFR3000V3,17,9,9,157310,157310,21,Quote,725878121,2/10/2017 10:34,Aseguradora,1467,67749,85812,2446173,TRUE,TRUE,TRUE,,54 Green Clarendon Drive,Madison Building,FALSE,40781,69854,TRUE,2/10/2017 10:34,FALSE,FALSE,4801fd9e-8569-4e18-8d59-0e3fbbb7ab78,,2/10/2017 10:34,56657,TRUE,,FALSE,2/10/2017 10:34,3087OM4,2/10/2017 10:34
22,,849,6,4657.19,2/11/2017 10:34,98115,22,AC1000156C-ORIG.REC,AC1000156C-ORIG.REC,1,10,10,149543,149543,22,Order,1152519659,2/11/2017 10:34,Servicio de Integracion,1467,57284,66978,3407677,TRUE,TRUE,FALSE,,607 Cowley Boulevard,Suite 1,FALSE,47096,56770,FALSE,2/11/2017 10:34,TRUE,TRUE,4801fd9e-8569-4e18-8d59-0e3fbbb7ab78,,2/11/2017 10:34,6649,TRUE,,FALSE,2/11/2017 10:34,,2/11/2017 10:34
23,,992,6,1108.96,2/12/2017 10:34,64615,23,ABPTD223,ABPTD223,,11,11,139927,139927,23,Order,4254830624,2/12/2017 10:34,Planta de Reparacion,1467,42881,20482,2727279,FALSE,FALSE,TRUE,,421 South Rocky Clarendon St.,2nd Floor,FALSE,14189,81780,TRUE,2/12/2017 10:34,FALSE,FALSE,4801fd9e-8569-4e18-8d59-0e3fbbb7ab78,,2/12/2017 10:34,29214,FALSE,,FALSE,2/12/2017 10:34,3895013,2/12/2017 10:34
24,,33,1,20324.51,2/13/2017 10:34,84881,24,ABP203,ABP203,,12,12,150256,150256,24,Order,6676645398,2/13/2017 10:34,Planta de Reparacion,1693,98840,27005,1633040,FALSE,FALSE,TRUE,,39 White Fabien St.,Sales Department,FALSE,9558,38713,FALSE,2/13/2017 10:34,TRUE,FALSE,d3d35eb1-cc52-4f7f-b0ab-dd6173dd513b,79872718,2/13/2017 10:34,8787,TRUE,nxgangadhara,TRUE,2/13/2017 10:34,,2/13/2017 10:34
25,,700,5,6166.94,2/14/2017 10:34,48215,25,661HLPSCRAP,661HLPSCRAP,13,1,1,161248,161248,25,Quote,5513544036,2/14/2017 10:34,Servicio de Integracion,880,73218,62902,722806,FALSE,TRUE,FALSE,,810 Clarendon Freeway,Wilson Building,TRUE,28977,18560,FALSE,2/14/2017 10:34,FALSE,FALSE,4801fd9e-8569-4e18-8d59-0e3fbbb7ab78,,2/14/2017 10:34,82901,TRUE,,FALSE,2/14/2017 10:34,,2/14/2017 10:34
26,,527,4,20431.96,2/15/2017 10:34,11270,26,ABPG2164,ABPG2164,3,2,2,171453,171453,26,Order,3399484159,2/15/2017 10:34,Call center,880,3785,9808,2454261,FALSE,TRUE,TRUE,,71 Hague Freeway,1st Floor,FALSE,76107,72110,FALSE,2/15/2017 10:34,TRUE,FALSE,4801fd9e-8569-4e18-8d59-0e3fbbb7ab78,,2/15/2017 10:34,94941,FALSE,,TRUE,2/15/2017 10:34,3091023,2/15/2017 10:34
27,,935,6,19283.15,2/16/2017 10:34,33562,27,ABP360441,ABP360441,,3,3,,,27,Quote,5584854019,2/16/2017 10:34,Servicio de Integracion,320,75644,52664,1702284,FALSE,TRUE,,,339 North Second Boulevard,Sales Group,FALSE,26846,93865,TRUE,2/16/2017 10:34,FALSE,FALSE,3b7487a7-6e31-452d-8fdb-14648db0c3d2,,2/16/2017 10:34,42416,TRUE,,FALSE,2/16/2017 10:34,313020H,2/16/2017 10:34
28,,688,5,1174.57,2/17/2017 10:34,64034,28,AC1000124CORE-ORIG.REC,AC1000124CORE-ORIG.REC,20,4,4,188693,188693,28,Order,6602585111,2/17/2017 10:34,Planta de Reparacion,698,46948,31156,3007233,FALSE,TRUE,TRUE,,78 South New Parkway,1st Floor,FALSE,50774,45982,TRUE,2/17/2017 10:34,FALSE,TRUE,d3d35eb1-cc52-4f7f-b0ab-dd6173dd513b,,2/17/2017 10:34,99928,TRUE,,FALSE,2/17/2017 10:34,3030021,2/17/2017 10:34
29,,547,4,17681.79,2/18/2017 10:34,16340,29,ABPHD2882,ABPHD2882,,5,5,123966,123966,29,Quote,6336606883,2/18/2017 10:34,Planta de Reparacion,1279,14637,6860,2519485,TRUE,TRUE,TRUE,,367 Second Boulevard,Suite 8,FALSE,92918,83131,FALSE,2/18/2017 10:34,TRUE,FALSE,4801fd9e-8569-4e18-8d59-0e3fbbb7ab78,,2/18/2017 10:34,69482,TRUE,,FALSE,2/18/2017 10:34,3064T05,2/18/2017 10:34
30,,82,1,10938.87,2/19/2017 10:34,25093,30,ABPCR416,ABPCR416,,6,6,16297,16297,30,Quote,964059525,2/19/2017 10:34,Servicio de Integracion,1279,71686,47045,2271350,TRUE,FALSE,FALSE,,12 Nobel Drive,,FALSE,48215,4584,TRUE,2/19/2017 10:34,FALSE,FALSE,4801fd9e-8569-4e18-8d59-0e3fbbb7ab78,,2/19/2017 10:34,87957,FALSE,,TRUE,2/19/2017 10:34,,2/19/2017 10:34
31,,188,2,22324.04,2/20/2017 10:34,77209,31,661BLEM10,661BLEM10,,7,7,196928,196928,31,Quote,3280154036,2/20/2017 10:34,Planta de Reparacion,3,24011,24152,1425662,FALSE,TRUE,TRUE,,66 Clarendon Avenue,Appartment 12,FALSE,30176,43948,TRUE,2/20/2017 10:34,FALSE,FALSE,4801fd9e-8569-4e18-8d59-0e3fbbb7ab78,,2/20/2017 10:34,63453,TRUE,,TRUE,2/20/2017 10:34,,2/20/2017 10:34
32,,454,3,21992.13,2/21/2017 10:34,8338,32,AC1000130-ORIG.REC,AC1000130-ORIG.REC,,8,8,64992,64992,32,Quote,6851294430,2/21/2017 10:34,Planta de Reparacion,880,35710,22193,3054195,TRUE,TRUE,FALSE,,,Appartment 40,FALSE,40795,37078,TRUE,2/21/2017 10:34,FALSE,TRUE,4801fd9e-8569-4e18-8d59-0e3fbbb7ab78,,2/21/2017 10:34,57716,FALSE,,TRUE,2/21/2017 10:34,3081005,2/21/2017 10:34
33,,298,2,13994.11,2/22/2017 10:34,11291,33,AC1000110CORE,AC1000110CORE,,9,9,194298,194298,33,Quote,3280154036,2/22/2017 10:34,Planta de Reparacion,3,24011,24152,1425662,FALSE,TRUE,TRUE,,66 Clarendon Avenue,Appartment 12,FALSE,30176,43948,TRUE,2/22/2017 10:34,FALSE,FALSE,4801fd9e-8569-4e18-8d59-0e3fbbb7ab78,,2/22/2017 10:34,63453,TRUE,,TRUE,2/22/2017 10:34,,2/22/2017 10:34
34,,989,6,3287.74,2/23/2017 10:34,359,34,ABP9977,ABP9977,16,10,10,194056,194056,34,Order,7763683139,2/23/2017 10:34,Servicio de Integracion,438,93420,20679,2180498,TRUE,TRUE,TRUE,,41 West Milton Street,Appartment 32,TRUE,75317,2567,TRUE,2/23/2017 10:34,FALSE,FALSE,4801fd9e-8569-4e18-8d59-0e3fbbb7ab78,,2/23/2017 10:34,15304,FALSE,,FALSE,2/23/2017 10:34,,2/23/2017 10:34
35,,643,4,9973.66,2/24/2017 10:34,77094,35,661CUST.CORE,661CUST.CORE,,11,11,27742,27742,35,Quote,6378930181,2/24/2017 10:34,Aseguradora,698,36641,83925,720014,TRUE,TRUE,TRUE,,168 Green Clarendon St.,1st Floor,TRUE,46716,83090,TRUE,2/24/2017 10:34,FALSE,TRUE,d3d35eb1-cc52-4f7f-b0ab-dd6173dd513b,,2/24/2017 10:34,30155,TRUE,,FALSE,2/24/2017 10:34,,2/24/2017 10:34
36,,763,5,5325.97,2/25/2017 10:34,14029,36,ABP3260,ABP3260,,12,12,65264,65264,36,Quote,769519511,2/25/2017 10:34,Planta de Reparacion,1467,9904,50771,1683430,TRUE,TRUE,FALSE,,47 White Nobel St.,Edison Building,TRUE,80054,31821,FALSE,2/25/2017 10:34,FALSE,FALSE,4801fd9e-8569-4e18-8d59-0e3fbbb7ab78,,2/25/2017 10:34,19596,FALSE,,TRUE,2/25/2017 10:34,3020002,2/25/2017 10:34
37,,1016,1,18117.74,2/26/2017 10:34,66472,37,ABPGM1006,ABPGM1006,21,1,1,116036,116036,37,Quote,3174825017,2/26/2017 10:34,Servicio de Integracion,1467,12781,423,2454683,TRUE,TRUE,TRUE,,919 Rocky Second Street,,TRUE,58872,46515,FALSE,2/26/2017 10:34,TRUE,TRUE,4801fd9e-8569-4e18-8d59-0e3fbbb7ab78,,2/26/2017 10:34,21447,TRUE,,TRUE,2/26/2017 10:34,,2/26/2017 10:34
38,,382,3,6084.49,2/27/2017 10:34,37823,38,*999MISC,*999MISC,22,2,2,114389,114389,38,Order,8978276151,2/27/2017 10:34,Planta de Reparacion,2087,10402,91387,311927,TRUE,FALSE,FALSE,,36 Cowley Drive,Suite 2540,TRUE,9651,80535,TRUE,2/27/2017 10:34,FALSE,TRUE,4801fd9e-8569-4e18-8d59-0e3fbbb7ab78,,2/27/2017 10:34,15222,FALSE,,TRUE,2/27/2017 10:34,,2/27/2017 10:34
39,,344,3,5196.98,2/28/2017 10:34,12438,39,AC1000158C-ORIG.REC,AC1000158C-ORIG.REC,16,3,3,150576,150576,39,Quote,8786732278,2/28/2017 10:34,Servicio de Integracion,2087,9229,27162,3495479,TRUE,TRUE,FALSE,,52 Oak Freeway,Customer Department,TRUE,65843,83687,FALSE,2/28/2017 10:34,FALSE,TRUE,4801fd9e-8569-4e18-8d59-0e3fbbb7ab78,,2/28/2017 10:34,18814,FALSE,,TRUE,2/28/2017 10:34,3094001,2/28/2017 10:34
40,,958,6,20316.87,3/1/2017 10:34,92732,40,AC1000133CORE,AC1000133CORE,,4,4,49055,49055,40,Quote,1961448570,3/1/2017 10:34,Planta de Reparacion,1444,16348,26674,3102380,FALSE,TRUE,TRUE,,775 New Parkway, Group,TRUE,88952,8188,FALSE,3/1/2017 10:34,FALSE,TRUE,4801fd9e-8569-4e18-8d59-0e3fbbb7ab78,,3/1/2017 10:34,14524,TRUE,,TRUE,3/1/2017 10:34,3024007,3/1/2017 10:34
41,,506,4,7670.11,3/2/2017 10:34,20482,41,ABP3142,ABP3142,23,5,5,170101,170101,41,Order,5962781896,3/2/2017 10:34,Aseguradora,1444,,89603,1672194,TRUE,FALSE,FALSE,,89 North White Clarendon Boulevard,APT 54,FALSE,23481,73644,TRUE,3/2/2017 10:34,FALSE,TRUE,4801fd9e-8569-4e18-8d59-0e3fbbb7ab78,,3/2/2017 10:34,40130,TRUE,,FALSE,3/2/2017 10:34,,3/2/2017 10:34
42,,716,5,19478.92,3/3/2017 10:34,19273,42,885CORE,885CORE,,6,6,,,42,Quote,1205142890,3/3/2017 10:34,Servicio de Integracion,26,49440,21456,1123169,FALSE,TRUE,FALSE,,85 Clarendon St.,2nd Floor,TRUE,34132,85563,FALSE,3/3/2017 10:34,FALSE,FALSE,3b7487a7-6e31-452d-8fdb-14648db0c3d2,,3/3/2017 10:34,66258,TRUE,,FALSE,3/3/2017 10:34,3112002,3/3/2017 10:34
43,,119,1,17002.31,3/4/2017 10:34,13871,43,ABP2466,ABP2466,5,7,7,5380,5380,43,Quote,8771132393,3/4/2017 10:34,Planta de Reparacion,438,70025,99728,1655156,FALSE,TRUE,TRUE,,76 Oak Road,,TRUE,90290,19707,FALSE,3/4/2017 10:34,TRUE,FALSE,4801fd9e-8569-4e18-8d59-0e3fbbb7ab78,,3/4/2017 10:34,36718,FALSE,,FALSE,3/4/2017 10:34,,3/4/2017 10:34
44,,1010,2,391.76,3/5/2017 10:34,15318,44,ABPVW1,ABPVW1,21,8,8,64668,64668,44,Quote,3280154036,3/5/2017 10:34,Planta de Reparacion,3,24011,24152,1425662,FALSE,TRUE,TRUE,,66 Clarendon Avenue,Appartment 12,FALSE,30176,43948,TRUE,3/5/2017 10:34,FALSE,FALSE,4801fd9e-8569-4e18-8d59-0e3fbbb7ab78,,3/5/2017 10:34,63453,TRUE,,TRUE,3/5/2017 10:34,,3/5/2017 10:34
45,,908,6,9008.73,3/6/2017 10:34,7582,45,ABPP9014,ABPP9014,,9,9,135042,135042,45,Order,8730923281,3/6/2017 10:34,Call center,890,93443,99724,2598070,TRUE,TRUE,FALSE,,844 New Drive,Suite 85,TRUE,4607,95472,FALSE,3/6/2017 10:34,FALSE,FALSE,4801fd9e-8569-4e18-8d59-0e3fbbb7ab78,,3/6/2017 10:34,59437,TRUE,,TRUE,3/6/2017 10:34,3152004,3/6/2017 10:34
46,,795,5,24235.07,3/7/2017 10:34,63424,46,773CORE10,773CORE10,13,10,10,100852,100852,46,Quote,9094578666,3/7/2017 10:34,Servicio de Integracion,890,8059,12613,1026747,FALSE,TRUE,TRUE,,835 White Cowley Way,Appartment 8,FALSE,534,45793,FALSE,3/7/2017 10:34,TRUE,TRUE,4801fd9e-8569-4e18-8d59-0e3fbbb7ab78,,3/7/2017 10:34,10690,FALSE,,TRUE,3/7/2017 10:34,,3/7/2017 10:34
47,,338,3,693.62,3/8/2017 10:34,14541,47,ABPB5013,ABPB5013,18,11,11,10335,10335,47,Quote,586197581,3/8/2017 10:34,Servicio de Integracion,880,67354,88706,2243401,FALSE,TRUE,TRUE,,890 Hague Avenue,,FALSE,92801,84684,FALSE,3/8/2017 10:34,TRUE,FALSE,4801fd9e-8569-4e18-8d59-0e3fbbb7ab78,,3/8/2017 10:34,97455,FALSE,,TRUE,3/8/2017 10:34,1848002,3/8/2017 10:34
48,,458,3,19335.48,3/9/2017 10:34,63992,48,772RTEMP999,772RTEMP999,3,12,12,84147,84147,48,Order,5998039974,3/9/2017 10:34,Call center,363,97933,96057,989356,FALSE,TRUE,TRUE,,41 South Rocky Fabien Blvd.,Suite 4938,FALSE,13354,91056,FALSE,3/9/2017 10:34,FALSE,FALSE,4801fd9e-8569-4e18-8d59-0e3fbbb7ab78,,3/9/2017 10:34,16907,FALSE,,FALSE,3/9/2017 10:34,,3/9/2017 10:34
49,,147,1,19251.8,3/10/2017 10:34,32051,49,661RADJUST,661RADJUST,18,1,1,141613,141613,49,Order,7380006223,3/10/2017 10:34,Call center,363,17355,80875,723344,TRUE,TRUE,FALSE,,337 Rocky Fabien Way,,FALSE,78706,39046,TRUE,3/10/2017 10:34,TRUE,TRUE,4801fd9e-8569-4e18-8d59-0e3fbbb7ab78,,3/10/2017 10:34,39552,FALSE,,FALSE,3/10/2017 10:34,3032007,3/10/2017 10:34
50,,222,2,20015.55,3/11/2017 10:34,81228,50,*771MISC,*771MISC,,2,2,91687,91687,50,Order,8782204532,3/11/2017 10:34,Planta de Reparacion,1278,19535,,205372,FALSE,TRUE,TRUE,,59 White First Drive,Pre Sales Department,TRUE,98837,92284,FALSE,3/11/2017 10:34,FALSE,TRUE,4801fd9e-8569-4e18-8d59-0e3fbbb7ab78,,3/11/2017 10:34,66637,FALSE,,TRUE,3/11/2017 10:34,3175002,3/11/2017 10:34
51,,411,3,17100.28,3/12/2017 10:34,82650,51,ABPDG10R,ABPDG10R,5,3,3,91972,91972,51,Quote,2595764668,3/12/2017 10:34,Planta de Reparacion,1278,79523,73871,2352310,FALSE,TRUE,FALSE,,192 East Rocky Milton Road,,TRUE,82643,11311,FALSE,3/12/2017 10:34,FALSE,FALSE,4801fd9e-8569-4e18-8d59-0e3fbbb7ab78,,3/12/2017 10:34,23993,FALSE,,FALSE,3/12/2017 10:34,,3/12/2017 10:34
52,,719,5,15721.7,3/13/2017 10:34,9965,52,AC1000140PP-ORIG.REC,AC1000140PP-ORIG.REC,,4,4,87279,87279,52,Quote,3280154036,3/13/2017 10:34,Planta de Reparacion,3,24011,24152,1425662,FALSE,TRUE,TRUE,,66 Clarendon Avenue,Appartment 12,FALSE,30176,43948,TRUE,3/13/2017 10:34,FALSE,FALSE,4801fd9e-8569-4e18-8d59-0e3fbbb7ab78,,3/13/2017 10:34,63453,TRUE,,TRUE,3/13/2017 10:34,,3/13/2017 10:34
53,,620,4,18196.63,3/14/2017 10:34,67494,53,AC1000140R,AC1000140R,9,5,5,3018,3018,53,Order,8129809421,3/14/2017 10:34,Aseguradora,1848,31692,97634,3177291,FALSE,TRUE,TRUE,,468 South Rocky Cowley Way,Washington Building,TRUE,98782,3075,TRUE,3/14/2017 10:34,FALSE,FALSE,4801fd9e-8569-4e18-8d59-0e3fbbb7ab78,,3/14/2017 10:34,44426,TRUE,,FALSE,3/14/2017 10:34,3145004,3/14/2017 10:34
54,,488,3,275.32,3/15/2017 10:34,20594,54,AC1000130R-ORIG.REC,AC1000130R-ORIG.REC,12,6,6,151564,151564,54,Quote,9131529766,3/15/2017 10:34,Call center,438,6013,11206,3064390,FALSE,TRUE,TRUE,,77 North White New Drive,,FALSE,75033,74863,TRUE,3/15/2017 10:34,FALSE,FALSE,4801fd9e-8569-4e18-8d59-0e3fbbb7ab78,,3/15/2017 10:34,74169,FALSE,,TRUE,3/15/2017 10:34,,3/15/2017 10:34
55,,195,2,5370.32,3/16/2017 10:34,60173,55,*886CMISC,*886CMISC,21,7,7,54437,54437,55,Order,3607595846,3/16/2017 10:34,Servicio de Integracion,880,75324,74254,293508,TRUE,TRUE,FALSE,,99 North Fabien Street,Franklin Building,TRUE,99323,20830,FALSE,3/16/2017 10:34,TRUE,FALSE,4801fd9e-8569-4e18-8d59-0e3fbbb7ab78,,3/16/2017 10:34,76813,FALSE,,TRUE,3/16/2017 10:34,3063A05,3/16/2017 10:34
56,,879,6,10620.41,3/17/2017 10:34,89615,56,*HDPCLN012,*HDPCLN012,20,8,8,46598,46598,56,Order,8782774716,3/17/2017 10:34,Aseguradora,880,33187,63604,327707,FALSE,FALSE,FALSE,,168 Oak St.,,TRUE,6522,90976,TRUE,3/17/2017 10:34,FALSE,FALSE,4801fd9e-8569-4e18-8d59-0e3fbbb7ab78,,3/17/2017 10:34,16042,TRUE,,FALSE,3/17/2017 10:34,,3/17/2017 10:34
57,,826,5,18076.94,3/18/2017 10:34,71399,57,AC1000145R-ORIG.REC,AC1000145R-ORIG.REC,8,9,9,65068,65068,57,Quote,3844934983,3/18/2017 10:34,Aseguradora,1442,76371,50726,3254352,TRUE,TRUE,TRUE,,233 White Old Freeway,Appartment 17,FALSE,96908,67922,TRUE,3/18/2017 10:34,TRUE,FALSE,d3d35eb1-cc52-4f7f-b0ab-dd6173dd513b,,3/18/2017 10:34,61229,TRUE,,TRUE,3/18/2017 10:34,,3/18/2017 10:34
58,,736,5,8543.65,3/19/2017 10:34,67629,58,410ADJUST,410ADJUST,17,10,10,27969,27969,58,Order,9859059947,3/19/2017 10:34,Aseguradora,438,19252,80265,491446,TRUE,TRUE,TRUE,,560 Rocky Second Blvd.,Appartment 1,TRUE,74890,27773,TRUE,3/19/2017 10:34,TRUE,TRUE,4801fd9e-8569-4e18-8d59-0e3fbbb7ab78,,3/19/2017 10:34,13741,TRUE,,FALSE,3/19/2017 10:34,3051001,3/19/2017 10:34
59,,859,6,14264.19,3/20/2017 10:34,29680,59,ABP6108BK,ABP6108BK,,11,11,6456,6456,59,Quote,262251394,3/20/2017 10:34,Aseguradora,1236,11713,64695,1945819,TRUE,TRUE,FALSE,,432 East White Cowley Parkway,Truman Building,FALSE,51576,31621,TRUE,3/20/2017 10:34,TRUE,TRUE,4801fd9e-8569-4e18-8d59-0e3fbbb7ab78,,3/20/2017 10:34,93096,FALSE,,TRUE,3/20/2017 10:34,,3/20/2017 10:34
60,,680,5,3341.98,3/21/2017 10:34,88858,60,ABP9137,ABP9137,,12,12,77698,77698,60,Order,9223092348,3/21/2017 10:34,Call center,1236,45594,26649,2094053,FALSE,TRUE,TRUE,,42 Second Road,Marshall Building,FALSE,64885,95709,TRUE,3/21/2017 10:34,FALSE,TRUE,4801fd9e-8569-4e18-8d59-0e3fbbb7ab78,,3/21/2017 10:34,86312,FALSE,,TRUE,3/21/2017 10:34,1848008,3/21/2017 10:34
61,,625,4,12961.21,3/22/2017 10:34,82667,61,,,6,1,1,,,61,Quote,,3/22/2017 10:34,Call center,1878,88708,29632,,FALSE,TRUE,TRUE,,976 New Avenue,285th Floor,FALSE,84292,99237,FALSE,3/22/2017 10:34,FALSE,FALSE,4801fd9e-8569-4e18-8d59-0e3fbbb7ab78,,3/22/2017 10:34,99029,TRUE,,TRUE,3/22/2017 10:34,3005A07,3/22/2017 10:34
62,,219,2,13150.87,3/23/2017 10:34,15161,62,AC1000114CORE,AC1000114CORE,,2,2,,,62,Order,1707878722,3/23/2017 10:34,Aseguradora,1878,74312,79357,2927351,FALSE,TRUE,FALSE,,502 Rocky Nobel Freeway,2nd Floor,TRUE,37578,42660,FALSE,3/23/2017 10:34,FALSE,TRUE,4801fd9e-8569-4e18-8d59-0e3fbbb7ab78,,3/23/2017 10:34,226,FALSE,,TRUE,3/23/2017 10:34,,3/23/2017 10:34
63,,896,6,2565.89,3/24/2017 10:34,12123,63,771RTEMP999,771RTEMP999,,3,3,49559,49559,63,Order,3818619754,3/24/2017 10:34,Servicio de Integracion,1442,3480,19572,977713,TRUE,TRUE,TRUE,,724 Rocky Nobel Street,,FALSE,16615,,TRUE,3/24/2017 10:34,FALSE,FALSE,d3d35eb1-cc52-4f7f-b0ab-dd6173dd513b,,3/24/2017 10:34,45584,FALSE,,TRUE,3/24/2017 10:34,3005B06,3/24/2017 10:34
64,,897,6,4109.77,3/25/2017 10:34,34165,64,AC1000147CORE,AC1000147CORE,18,4,4,68635,68635,64,Order,7837749702,3/25/2017 10:34,Aseguradora,438,32390,20829,3269197,TRUE,TRUE,FALSE,,88 North White Cowley Way,Sales Department,FALSE,9846,94244,FALSE,3/25/2017 10:34,FALSE,FALSE,4801fd9e-8569-4e18-8d59-0e3fbbb7ab78,,3/25/2017 10:34,92402,TRUE,,TRUE,3/25/2017 10:34,3127015,3/25/2017 10:34
65,,87,1,11723.42,3/26/2017 10:34,60982,65,ABP140,ABP140,24,5,5,,,65,Order,4182564412,3/26/2017 10:34,Servicio de Integracion,438,31024,77727,1370393,TRUE,TRUE,FALSE,,104 New Boulevard,59th Floor,TRUE,12926,45659,TRUE,3/26/2017 10:34,TRUE,TRUE,4801fd9e-8569-4e18-8d59-0e3fbbb7ab78,,3/26/2017 10:34,21975,TRUE,,TRUE,3/26/2017 10:34,,3/26/2017 10:34
66,,839,6,20859.89,3/27/2017 10:34,91331,66,771RAW06,771RAW06,,6,6,84805,84805,66,Order,,3/27/2017 10:34,Servicio de Integracion,902,97158,31010,968804,FALSE,TRUE,TRUE,,25 White New Way,Suite 15,TRUE,11161,56887,FALSE,3/27/2017 10:34,FALSE,TRUE,4801fd9e-8569-4e18-8d59-0e3fbbb7ab78,,3/27/2017 10:34,84942,FALSE,,FALSE,3/27/2017 10:34,3148015,3/27/2017 10:34
67,,171,2,18674.05,3/28/2017 10:34,69901,67,ABP5188,ABP5188,2,7,7,40578,40578,67,Quote,2942230462,3/28/2017 10:34,Servicio de Integracion,1848,40098,94719,1817092,FALSE,TRUE,FALSE,,225 Hague Blvd.,8th Floor,TRUE,58146,65883,TRUE,3/28/2017 10:34,TRUE,TRUE,4801fd9e-8569-4e18-8d59-0e3fbbb7ab78,,3/28/2017 10:34,38414,TRUE,,TRUE,3/28/2017 10:34,3102KIP,3/28/2017 10:34
68,,645,4,23986.04,3/29/2017 10:34,26737,68,AC1000163CORE-ORIG.REC,AC1000163CORE-ORIG.REC,17,8,8,134254,134254,68,Order,8013104852,3/29/2017 10:34,Planta de Reparacion,890,911,60727,3680617,TRUE,FALSE,FALSE,,85 Clarendon Street,Marshall Building,TRUE,27296,18052,TRUE,3/29/2017 10:34,FALSE,TRUE,4801fd9e-8569-4e18-8d59-0e3fbbb7ab78,,3/29/2017 10:34,56664,FALSE,,FALSE,3/29/2017 10:34,,3/29/2017 10:34
69,,827,5,15249.3,3/30/2017 10:34,65412,69,AC1000113CORE,AC1000113CORE,,9,9,,,69,Quote,1399462202,3/30/2017 10:34,Call center,890,46515,85301,2917965,FALSE,TRUE,FALSE,,72 North Rocky Fabien Way,Appartment 43,FALSE,54888,67172,TRUE,3/30/2017 10:34,TRUE,FALSE,4801fd9e-8569-4e18-8d59-0e3fbbb7ab78,,3/30/2017 10:34,70171,TRUE,,FALSE,3/30/2017 10:34,3051024,3/30/2017 10:34
70,,220,2,5301.27,3/31/2017 10:34,81710,70,*HDPCLN004,*HDPCLN004,,10,10,40363,40363,70,Quote,7542416655,3/31/2017 10:34,Call center,3,49847,80075,321281,FALSE,TRUE,FALSE,,88 Rocky Hague Blvd.,Appartment 910,FALSE,43707,85006,FALSE,3/31/2017 10:34,TRUE,FALSE,4801fd9e-8569-4e18-8d59-0e3fbbb7ab78,,3/31/2017 10:34,29790,FALSE,,TRUE,3/31/2017 10:34,3050007,3/31/2017 10:34
71,,1000,6,21607,4/1/2017 10:34,72356,71,ABP1461,ABP1461,,11,11,181432,181432,71,Quote,3280154036,4/1/2017 10:34,Planta de Reparacion,3,24011,24152,1425662,FALSE,TRUE,TRUE,,66 Clarendon Avenue,Appartment 12,FALSE,30176,43948,TRUE,4/1/2017 10:34,FALSE,FALSE,4801fd9e-8569-4e18-8d59-0e3fbbb7ab78,,4/1/2017 10:34,63453,TRUE,,TRUE,4/1/2017 10:34,,4/1/2017 10:34
72,,482,3,24856.36,4/2/2017 10:34,8146,72,226ADJUST,226ADJUST,24,12,12,139189,139189,72,Quote,3280154036,4/2/2017 10:34,Planta de Reparacion,3,24011,24152,1425662,FALSE,TRUE,TRUE,,66 Clarendon Avenue,Appartment 12,FALSE,30176,43948,TRUE,4/2/2017 10:34,FALSE,FALSE,4801fd9e-8569-4e18-8d59-0e3fbbb7ab78,,4/2/2017 10:34,63453,TRUE,,TRUE,4/2/2017 10:34,,4/2/2017 10:34
73,,653,4,13895.46,4/3/2017 10:34,73273,73,ABP843114,ABP843114,,1,1,152112,152112,73,Order,8269852186,4/3/2017 10:34,Planta de Reparacion,186,34458,81126,2082706,TRUE,TRUE,TRUE,,85 White Milton Boulevard,,FALSE,85351,91193,TRUE,4/3/2017 10:34,TRUE,FALSE,4801fd9e-8569-4e18-8d59-0e3fbbb7ab78,,4/3/2017 10:34,18735,FALSE,,FALSE,4/3/2017 10:34,,4/3/2017 10:34
74,,720,5,7554.57,4/4/2017 10:34,63312,74,ABPCV31ELS,ABPCV31ELS,,2,2,,,74,Order,2970357899,4/4/2017 10:34,Servicio de Integracion,186,31007,15013,2314791,TRUE,TRUE,TRUE,,774 Green Second Road,Marshall Building,TRUE,92607,69258,TRUE,4/4/2017 10:34,TRUE,FALSE,4801fd9e-8569-4e18-8d59-0e3fbbb7ab78,,4/4/2017 10:34,46790,TRUE,,TRUE,4/4/2017 10:34,3004001,4/4/2017 10:34
75,,810,5,13872.55,4/5/2017 10:34,17985,75,435ADJUST,435ADJUST,15,3,3,106410,106410,75,Order,662287231,4/5/2017 10:34,Planta de Reparacion,319,67290,43913,581067,TRUE,TRUE,TRUE,,809 North White Milton Drive,Suite 19,FALSE,92352,77320,FALSE,4/5/2017 10:34,FALSE,TRUE,4801fd9e-8569-4e18-8d59-0e3fbbb7ab78,,4/5/2017 10:34,50281,FALSE,,FALSE,4/5/2017 10:34,1801010,4/5/2017 10:34
76,,101,1,23219.26,4/6/2017 10:34,94923,76,ABP840150,ABP840150,,4,4,211962,211962,76,Quote,5464169818,4/6/2017 10:34,Aseguradora,319,40246,62838,2053595,FALSE,TRUE,TRUE,,997 North Oak Parkway,APT 9,FALSE,55020,5943,TRUE,4/6/2017 10:34,TRUE,FALSE,4801fd9e-8569-4e18-8d59-0e3fbbb7ab78,,4/6/2017 10:34,23875,TRUE,,FALSE,4/6/2017 10:34,,4/6/2017 10:34
77,,730,5,12654.88,4/7/2017 10:34,17973,77,AC1000155CORE,AC1000155CORE,1,5,5,45026,45026,77,Order,515258462,4/7/2017 10:34,Servicio de Integracion,1151,79847,41819,3386843,FALSE,TRUE,TRUE,,59 White Nobel Blvd.,APT 7,FALSE,25154,27992,FALSE,4/7/2017 10:34,FALSE,FALSE,4801fd9e-8569-4e18-8d59-0e3fbbb7ab78,,4/7/2017 10:34,79331,FALSE,,TRUE,4/7/2017 10:34,3050006,4/7/2017 10:34
78,,1052,5,967.2,4/8/2017 10:34,61904,78,*682CMISC,*682CMISC,,6,6,204122,204122,78,Quote,5293623462,4/8/2017 10:34,Planta de Reparacion,1151,33248,79752,192056,TRUE,TRUE,FALSE,,128 Old Boulevard,Jefferson Building,FALSE,52810,61667,FALSE,4/8/2017 10:34,FALSE,FALSE,4801fd9e-8569-4e18-8d59-0e3fbbb7ab78,,4/8/2017 10:34,70556,TRUE,,TRUE,4/8/2017 10:34,,4/8/2017 10:34
79,,126,1,11565.78,4/9/2017 10:34,11785,79,AC1000111CORE,AC1000111CORE,2,7,7,130456,130456,79,Quote,5424830817,4/9/2017 10:34,Servicio de Integracion,1147,79181,,2906909,TRUE,TRUE,TRUE,,597 White New Street,,TRUE,29190,48144,FALSE,4/9/2017 10:34,TRUE,TRUE,4801fd9e-8569-4e18-8d59-0e3fbbb7ab78,,4/9/2017 10:34,29315,TRUE,,FALSE,4/9/2017 10:34,,4/9/2017 10:34
80,,906,6,6931.87,4/10/2017 10:34,35063,80,ABP9979,ABP9979,,8,8,134781,134781,80,Order,9610761395,4/10/2017 10:34,Planta de Reparacion,438,51724,75415,2183253,TRUE,TRUE,FALSE,,29 Green Hague St.,Franklin Building,TRUE,33298,18567,TRUE,4/10/2017 10:34,TRUE,FALSE,4801fd9e-8569-4e18-8d59-0e3fbbb7ab78,,4/10/2017 10:34,6380,FALSE,,TRUE,4/10/2017 10:34,,4/10/2017 10:34
81,,190,2,19988.33,4/11/2017 10:34,91314,81,AC1000150,AC1000150,24,9,9,213530,213530,81,Order,5845807562,4/11/2017 10:34,Call center,438,24466,41090,3326620,TRUE,TRUE,FALSE,,816 North First Avenue,APT 6,TRUE,39267,70514,FALSE,4/11/2017 10:34,FALSE,FALSE,4801fd9e-8569-4e18-8d59-0e3fbbb7ab78,,4/11/2017 10:34,96803,TRUE,,FALSE,4/11/2017 10:34,303216B,4/11/2017 10:34
82,,477,3,24947.68,4/12/2017 10:34,44045,82,ABP4416,ABP4416,10,10,10,112992,112992,82,Order,3962875371,4/12/2017 10:34,Call center,296,88717,61792,1755082,FALSE,TRUE,FALSE,,381 Second Way,Pre Sales Department,FALSE,65572,55826,FALSE,4/12/2017 10:34,TRUE,TRUE,4801fd9e-8569-4e18-8d59-0e3fbbb7ab78,,4/12/2017 10:34,74266,TRUE,,FALSE,4/12/2017 10:34,3102KIP,4/12/2017 10:34
83,,541,4,6922.77,4/13/2017 10:34,98945,83,AC1000101CORE,AC1000101CORE,8,11,11,115169,115169,83,Order,321557322,4/13/2017 10:34,Servicio de Integracion,438,18446,95267,2791888,FALSE,TRUE,FALSE,,105 Milton Freeway,Suite 9,FALSE,74745,67669,TRUE,4/13/2017 10:34,FALSE,TRUE,4801fd9e-8569-4e18-8d59-0e3fbbb7ab78,,4/13/2017 10:34,20422,FALSE,,FALSE,4/13/2017 10:34,3143002,4/13/2017 10:34
84,,326,2,22666.25,4/14/2017 10:34,61317,84,ABP6338,ABP6338,14,12,12,107246,107246,84,Order,2839259150,4/14/2017 10:34,Servicio de Integracion,438,52902,523,1956803,FALSE,FALSE,FALSE,,36 Green First Avenue,Suite 3054,FALSE,27212,60927,TRUE,4/14/2017 10:34,TRUE,TRUE,4801fd9e-8569-4e18-8d59-0e3fbbb7ab78,,4/14/2017 10:34,495,TRUE,,FALSE,4/14/2017 10:34,,4/14/2017 10:34
85,,672,5,18838.59,4/15/2017 10:34,11929,85,ABPCCC78076C,ABPCCC78076C,,1,1,153536,153536,85,Order,323483857,4/15/2017 10:34,Servicio de Integracion,1467,76868,48194,2257380,FALSE,TRUE,TRUE,,982 Rocky Fabien Boulevard,Suite 2371,FALSE,66549,15023,FALSE,4/15/2017 10:34,TRUE,FALSE,4801fd9e-8569-4e18-8d59-0e3fbbb7ab78,,4/15/2017 10:34,90746,TRUE,,FALSE,4/15/2017 10:34,1530013,4/15/2017 10:34
86,,469,3,6852.34,4/16/2017 10:34,84407,86,773SCRAP05,773SCRAP05,,2,2,64571,64571,86,Order,4812651839,4/16/2017 10:34,Servicio de Integracion,1467,65551,54778,1047020,FALSE,TRUE,FALSE,,80 Cowley Way,3rd Floor,TRUE,22781,45082,FALSE,4/16/2017 10:34,FALSE,FALSE,4801fd9e-8569-4e18-8d59-0e3fbbb7ab78,,4/16/2017 10:34,88904,TRUE,,TRUE,4/16/2017 10:34,,4/16/2017 10:34
87,,834,6,4045.49,4/17/2017 10:34,54685,87,ABP220665,ABP220665,,3,3,77064,77064,87,Order,1788859365,4/17/2017 10:34,Call center,1846,27796,44094,1645813,TRUE,TRUE,TRUE,,12 Cowley Blvd.,Suite 3,TRUE,98585,4711,TRUE,4/17/2017 10:34,TRUE,FALSE,4801fd9e-8569-4e18-8d59-0e3fbbb7ab78,,4/17/2017 10:34,56637,TRUE,,TRUE,4/17/2017 10:34,,4/17/2017 10:34
88,,1075,5,13968.79,4/18/2017 10:34,87518,88,661BLEM08,661BLEM08,16,4,4,,,88,Order,7299108936,4/18/2017 10:34,Planta de Reparacion,1846,46127,8725,708628,FALSE,FALSE,TRUE,,74 South Oak Avenue,Sales Group,FALSE,74651,32158,FALSE,4/18/2017 10:34,FALSE,TRUE,4801fd9e-8569-4e18-8d59-0e3fbbb7ab78,,4/18/2017 10:34,16389,TRUE,,FALSE,4/18/2017 10:34,3051014,4/18/2017 10:34
89,,794,5,22917.42,4/19/2017 10:34,79000,89,662BLEM02,662BLEM02,,5,5,167177,167177,89,Quote,9358994977,4/19/2017 10:34,Planta de Reparacion,438,11537,70790,760414,TRUE,FALSE,TRUE,,207 Green Oak Drive,Washington Building,FALSE,88887,5980,TRUE,4/19/2017 10:34,TRUE,FALSE,4801fd9e-8569-4e18-8d59-0e3fbbb7ab78,,4/19/2017 10:34,97447,TRUE,,FALSE,4/19/2017 10:34,1710038,4/19/2017 10:34
90,,765,5,24353.25,4/20/2017 10:34,58399,90,ABP1995MICH2,ABP1995MICH2,11,6,6,209360,209360,90,Quote,4155598821,4/20/2017 10:34,Servicio de Integracion,438,41139,51865,1600850,FALSE,TRUE,FALSE,,67 White Hague Road,Suite 12,FALSE,2690,14340,TRUE,4/20/2017 10:34,TRUE,TRUE,4801fd9e-8569-4e18-8d59-0e3fbbb7ab78,,4/20/2017 10:34,80060,FALSE,,FALSE,4/20/2017 10:34,,4/20/2017 10:34
91,,938,6,12249.03,4/21/2017 10:34,22525,91,*420CMISC,*420CMISC,4,7,7,51472,51472,91,Quote,4183630936,4/21/2017 10:34,Call center,438,42014,77693,61873,TRUE,TRUE,FALSE,,280 South Cowley Freeway,,FALSE,41684,42237,TRUE,4/21/2017 10:34,TRUE,TRUE,4801fd9e-8569-4e18-8d59-0e3fbbb7ab78,,4/21/2017 10:34,32738,FALSE,,FALSE,4/21/2017 10:34,,4/21/2017 10:34
92,,295,2,9824.09,4/22/2017 10:34,19078,92,AC1000101R-ORIG.REC,AC1000101R-ORIG.REC,16,8,8,,,92,Quote,7743950867,4/22/2017 10:34,Call center,3,36712,72652,2808717,TRUE,TRUE,FALSE,,27 White Cowley Avenue,,FALSE,99224,67535,TRUE,4/22/2017 10:34,TRUE,FALSE,4801fd9e-8569-4e18-8d59-0e3fbbb7ab78,,4/22/2017 10:34,,TRUE,,TRUE,4/22/2017 10:34,3032007,4/22/2017 10:34
93,,523,4,16820.31,4/23/2017 10:34,38532,93,AC1000138CORE-ORIG.REC,AC1000138CORE-ORIG.REC,18,9,9,204753,204753,93,Order,4884658144,4/23/2017 10:34,Aseguradora,3,65696,41672,3138106,TRUE,TRUE,TRUE,,55 Milton St.,Suite 2,FALSE,93274,95979,TRUE,4/23/2017 10:34,TRUE,FALSE,4801fd9e-8569-4e18-8d59-0e3fbbb7ab78,,4/23/2017 10:34,51697,FALSE,,FALSE,4/23/2017 10:34,,4/23/2017 10:34
94,,664,4,2104.99,4/24/2017 10:34,80325,94,ABP44,ABP44,5,10,10,123795,123795,94,Order,2940621883,4/24/2017 10:34,Aseguradora,1236,94964,61241,1749853,TRUE,TRUE,TRUE,,247 Nobel Street,Customer Group,TRUE,60486,95632,FALSE,4/24/2017 10:34,TRUE,FALSE,4801fd9e-8569-4e18-8d59-0e3fbbb7ab78,,4/24/2017 10:34,26218,TRUE,,TRUE,4/24/2017 10:34,3002005,4/24/2017 10:34
95,,333,2,7605.65,4/25/2017 10:34,77424,95,AC1000154OE,AC1000154OE,,11,11,,,95,Quote,5470103834,4/25/2017 10:34,Servicio de Integracion,1236,92830,96322,3382154,FALSE,TRUE,TRUE,,93 South White Fabien Street,Washington Building,TRUE,84567,,FALSE,4/25/2017 10:34,FALSE,FALSE,4801fd9e-8569-4e18-8d59-0e3fbbb7ab78,,4/25/2017 10:34,90125,TRUE,,TRUE,4/25/2017 10:34,,4/25/2017 10:34
96,,287,2,19519.25,4/26/2017 10:34,86536,96,ABPA5082,ABPA5082,7,12,12,215338,215338,96,Order,1695275021,4/26/2017 10:34,Planta de Reparacion,860,18765,87981,2204160,FALSE,TRUE,FALSE,,70 Fabien Way,,TRUE,89854,55537,TRUE,4/26/2017 10:34,TRUE,FALSE,4801fd9e-8569-4e18-8d59-0e3fbbb7ab78,,4/26/2017 10:34,43092,FALSE,,FALSE,4/26/2017 10:34,3007017,4/26/2017 10:34
97,,821,5,17163.03,4/27/2017 10:34,46130,97,AC1000149CORE-ORIG.REC,AC1000149CORE-ORIG.REC,15,1,1,,,97,Quote,4459988779,4/27/2017 10:34,Servicio de Integracion,860,92199,20584,3317000,TRUE,TRUE,FALSE,,721 Rocky Hague Blvd.,,FALSE,88965,96386,FALSE,4/27/2017 10:34,FALSE,FALSE,4801fd9e-8569-4e18-8d59-0e3fbbb7ab78,,4/27/2017 10:34,48630,TRUE,,TRUE,4/27/2017 10:34,,4/27/2017 10:34
98,,223,2,13142.54,4/28/2017 10:34,59096,98,ABPT1087,ABPT1087,,2,2,207184,207184,98,Order,8336538761,4/28/2017 10:34,Aseguradora,2,50956,2845,2632833,FALSE,TRUE,TRUE,,75 Cowley Parkway,Appartment 692,TRUE,35418,99409,TRUE,4/28/2017 10:34,FALSE,FALSE,4801fd9e-8569-4e18-8d59-0e3fbbb7ab78,,4/28/2017 10:34,57853,TRUE,,FALSE,4/28/2017 10:34,,4/28/2017 10:34
99,,187,2,13668.35,4/29/2017 10:34,62630,99,ABPT1087,ABPT1087,,2,2,207184,207184,99,Order,3870194370,4/29/2017 10:34,Planta de Reparacion,2,54563,87939,1492753,TRUE,TRUE,TRUE,,535 East Oak Street,,TRUE,83883,26948,TRUE,4/29/2017 10:34,FALSE,FALSE,4801fd9e-8569-4e18-8d59-0e3fbbb7ab78,,4/29/2017 10:34,99092,TRUE,,TRUE,4/29/2017 10:34,1710026,4/29/2017 10:34
100,,187,2,13668.35,4/30/2017 10:34,62630,100,ABPT1087,ABPT1087,,2,2,207184,207184,100,Order,1934214956,4/30/2017 10:34,Aseguradora,2078,17732,93620,3027820,FALSE,TRUE,FALSE,,942 New Way,9th Floor,FALSE,55459,74585,TRUE,4/30/2017 10:34,TRUE,TRUE,4801fd9e-8569-4e18-8d59-0e3fbbb7ab78,,4/30/2017 10:34,77207,FALSE,,FALSE,4/30/2017 10:34,,4/30/2017 10:34
